{"cameraMode":{"drawMode":0,"name":"Shaded","section":"Shading Mode"},"sceneLighting":true,"audioPlay":false,"sceneViewState":{"showFog":true,"showMaterialUpdate":false,"showSkybox":true,"showFlares":true,"showImageEffects":true,"showParticleSystems":true},"in2DMode":false,"pivot":{"x":1.5099999904632569,"y":-1.7799999713897706,"z":-1.850000023841858},"rotation":{"x":0.256393164396286,"y":-0.38590681552886965,"z":0.11256332695484162,"w":0.8790114521980286},"size":1.8000173568725587,"orthographic":false}