{"cameraMode":{"drawMode":0,"name":"Shaded","section":"Shading Mode"},"sceneLighting":true,"audioPlay":false,"sceneViewState":{"showFog":true,"showMaterialUpdate":false,"showSkybox":true,"showFlares":true,"showImageEffects":true,"showParticleSystems":true},"in2DMode":false,"pivot":{"x":947.8582763671875,"y":488.75543212890627,"z":25.535888671875},"rotation":{"x":-0.009309478104114533,"y":-0.0099020479246974,"z":0.00009249884897144511,"w":-0.9999060034751892},"size":317.0859680175781,"orthographic":false}