{"cameraMode":{"drawMode":0,"name":"Shaded","section":"Shading Mode"},"sceneLighting":false,"audioPlay":false,"sceneViewState":{"showFog":true,"showMaterialUpdate":false,"showSkybox":false,"showFlares":true,"showImageEffects":true,"showParticleSystems":true},"in2DMode":false,"pivot":{"x":0.061864789575338367,"y":0.03714997321367264,"z":0.0023622512817382814},"rotation":{"x":-0.00030990608502179384,"y":0.0035970003809779884,"z":-8.870737246979843e-7,"w":-0.9999937415122986},"size":0.6880513429641724,"orthographic":false}